SEQ,LONG,LAT,LOCAL_ED,LOCALIZACA,REFERENCIA,DATA,MES,H_INICIO,H_FIM,DURACAO,DUR_H,id_estacao,codestacao,latitude,longitude,nome,id_municip,rede,tipoestaca,geocodigo,cidade,xcoord,ycoord
7.000000,-46.638806,-23.549408,PC DA BANDEIRA,PC DA BANDEIRA,AV VINTE E TRES DE MAIO-CENTROBAIRRO-SE,2019/01/01,1.000000,18:34:00,19:23:00,00:49:00,0.82,"3179",355030833A,-23.543310999999999,-46.635987000000000,AC Central de SP,"2692",CEMADEN,Pluviométrica,"3550308",SÃO PAULO,-46.635987000000000,-23.543310999999999
13.000000,-46.638580,-23.548910,PC DA BANDEIRA,PC DA BANDEIRA,ALTURA DO NUMERO 27-CENTROBAIRRO-SE,2019/01/03,1.000000,17:27:00,17:42:00,00:15:00,0.25,"3179",355030833A,-23.543310999999999,-46.635987000000000,AC Central de SP,"2692",CEMADEN,Pluviométrica,"3550308",SÃO PAULO,-46.635987000000000,-23.543310999999999
14.000000,-46.638240,-23.550330,AV VINTE E TRES DE MAIO,AV VINTE E TRES DE MAIO LIBERDADE,PC DA BANDEIRA-SANTANAAEROPORTO-SE,2019/01/03,1.000000,19:43:00,20:18:00,00:35:00,0.58,"3179",355030833A,-23.543310999999999,-46.635987000000000,AC Central de SP,"2692",CEMADEN,Pluviométrica,"3550308",SÃO PAULO,-46.635987000000000,-23.543310999999999
15.000000,-46.634830,-23.542110,TUN PAPA JOAO PAULO II,TN PAPA JOAO PAULO II REPUBLICA,AV PRESTES MAIA-SANTANAAEROPORTO-SE,2019/01/03,1.000000,19:52:00,20:04:00,00:12:00,0.20,"3179",355030833A,-23.543310999999999,-46.635987000000000,AC Central de SP,"2692",CEMADEN,Pluviométrica,"3550308",SÃO PAULO,-46.635987000000000,-23.543310999999999
22.000000,-46.629470,-23.540356,R DA CANTAREIRA,R DA CANTAREIRA,AV MERCURIO-BAIRROCENTRO-SE,2019/01/04,1.000000,14:45:00,15:03:00,00:18:00,0.30,"3179",355030833A,-23.543310999999999,-46.635987000000000,AC Central de SP,"2692",CEMADEN,Pluviométrica,"3550308",SÃO PAULO,-46.635987000000000,-23.543310999999999
28.000000,-46.627560,-23.539260,R PAULA SOUSA,R PAULA SOUSA,AV DO ESTADO-AMBOS - LOCAL-SE,2019/01/04,1.000000,15:04:00,15:53:00,00:49:00,0.82,"3179",355030833A,-23.543310999999999,-46.635987000000000,AC Central de SP,"2692",CEMADEN,Pluviométrica,"3550308",SÃO PAULO,-46.635987000000000,-23.543310999999999
32.000000,-46.627042,-23.543123,AV MERCURIO,AV MERCURIO,PC S VITO-UNICO-SE,2019/01/04,1.000000,15:56:00,17:56:00,02:00:00,2.00,"3179",355030833A,-23.543310999999999,-46.635987000000000,AC Central de SP,"2692",CEMADEN,Pluviométrica,"3550308",SÃO PAULO,-46.635987000000000,-23.543310999999999
33.000000,-46.630500,-23.539740,AV SEN QUEIROS,AV SEN QUEIROS,ALTURA DO NUMERO 587-UNICO-SE,2019/01/04,1.000000,17:52:00,19:30:00,01:38:00,1.63,"3179",355030833A,-23.543310999999999,-46.635987000000000,AC Central de SP,"2692",CEMADEN,Pluviométrica,"3550308",SÃO PAULO,-46.635987000000000,-23.543310999999999
41.000000,-46.638240,-23.550330,PC DA BANDEIRA,P├ç DA BANDEIRA,AV 23 DE MAIO-CENTROBAIRRO-SE,2019/01/08,1.000000,16:22:00,17:47:00,01:25:00,1.42,"3179",355030833A,-23.543310999999999,-46.635987000000000,AC Central de SP,"2692",CEMADEN,Pluviométrica,"3550308",SÃO PAULO,-46.635987000000000,-23.543310999999999
44.000000,-46.642458,-23.536496,AV RIO BRANCO,AV RIO BRANCO,AV DUQUE DE CAXIAS-BAIRROCENTRO-SE,2019/01/08,1.000000,17:09:00,17:57:00,00:48:00,0.80,"3179",355030833A,-23.543310999999999,-46.635987000000000,AC Central de SP,"2692",CEMADEN,Pluviométrica,"3550308",SÃO PAULO,-46.635987000000000,-23.543310999999999
79.000000,-46.649496,-23.555771,R MANOEL DUTRA,R MANOEL DUTRA,PC QUATORZE BIS-UNICO-SE,2019/01/17,1.000000,18:37:00,19:22:00,00:45:00,0.75,"3179",355030833A,-23.543310999999999,-46.635987000000000,AC Central de SP,"2692",CEMADEN,Pluviométrica,"3550308",SÃO PAULO,-46.635987000000000,-23.543310999999999
81.000000,-46.638806,-23.549408,PC DA BANDEIRA,PC DA BANDEIRA,AV VINTE E TRES DE MAIO-CENTROBAIRRO-SE,2019/01/17,1.000000,18:41:00,19:27:00,00:46:00,0.77,"3179",355030833A,-23.543310999999999,-46.635987000000000,AC Central de SP,"2692",CEMADEN,Pluviométrica,"3550308",SÃO PAULO,-46.635987000000000,-23.543310999999999
82.000000,-46.642458,-23.536496,AV RIO BRANCO,AV RIO BRANCO,AV DUQUE DE CAXIAS-BAIRROCENTRO-SE,2019/01/17,1.000000,18:57:00,19:35:00,00:38:00,0.63,"3179",355030833A,-23.543310999999999,-46.635987000000000,AC Central de SP,"2692",CEMADEN,Pluviométrica,"3550308",SÃO PAULO,-46.635987000000000,-23.543310999999999
84.000000,-46.649899,-23.555743,PC QUATORZE BIS,PC QUATORZE BIS,AV NOVE DE JULHO-AMBOS-SE,2019/01/17,1.000000,19:03:00,19:23:00,00:20:00,0.33,"3179",355030833A,-23.543310999999999,-46.635987000000000,AC Central de SP,"2692",CEMADEN,Pluviométrica,"3550308",SÃO PAULO,-46.635987000000000,-23.543310999999999
102.000000,-46.640349,-23.551349,R MARIA PAULA,R MARIA PAULA,R STO AMARO-UNICO-SE,2019/01/22,1.000000,15:42:00,16:57:00,01:15:00,1.25,"3179",355030833A,-23.543310999999999,-46.635987000000000,AC Central de SP,"2692",CEMADEN,Pluviométrica,"3550308",SÃO PAULO,-46.635987000000000,-23.543310999999999
103.000000,-46.627042,-23.543123,AV MERCURIO,AV MERCURIO,PC S VITO-UNICO-SE,2019/01/22,1.000000,15:56:00,18:55:00,02:59:00,2.98,"3179",355030833A,-23.543310999999999,-46.635987000000000,AC Central de SP,"2692",CEMADEN,Pluviométrica,"3550308",SÃO PAULO,-46.635987000000000,-23.543310999999999
110.000000,-46.649960,-23.537040,AV S JOAO,AV S JOAO,ALTURA DO N 1821-BAIRROCENTRO-SE,2019/01/22,1.000000,17:25:00,18:29:00,01:04:00,1.07,"3179",355030833A,-23.543310999999999,-46.635987000000000,AC Central de SP,"2692",CEMADEN,Pluviométrica,"3550308",SÃO PAULO,-46.635987000000000,-23.543310999999999
115.000000,-46.642490,-23.536600,AV RIO BRANCO,AV RIO BRANCO,AV DUQ DE CAXIAS-BAIRROCENTRO-SE,2019/01/24,1.000000,16:04:00,16:43:00,00:39:00,0.65,"3179",355030833A,-23.543310999999999,-46.635987000000000,AC Central de SP,"2692",CEMADEN,Pluviométrica,"3550308",SÃO PAULO,-46.635987000000000,-23.543310999999999
118.000000,-46.638240,-23.550330,PC DA BANDEIRA,PC DA BANDEIRA,AV VINTE E TR├â┼áS DE MAIO-BAIRROCENTRO-SE,2019/01/24,1.000000,16:22:00,16:50:00,00:28:00,0.47,"3179",355030833A,-23.543310999999999,-46.635987000000000,AC Central de SP,"2692",CEMADEN,Pluviométrica,"3550308",SÃO PAULO,-46.635987000000000,-23.543310999999999
119.000000,-46.640456,-23.549091,AV NOVE DE JULHO,AV NOVE DE JULHO,PC DA BANDEIRA-AMBOS-SE,2019/01/24,1.000000,16:23:00,16:40:00,00:17:00,0.28,"3179",355030833A,-23.543310999999999,-46.635987000000000,AC Central de SP,"2692",CEMADEN,Pluviométrica,"3550308",SÃO PAULO,-46.635987000000000,-23.543310999999999
122.000000,-46.638910,-23.549810,PC DA BANDEIRA,PC DA BANDEIRA,ALTURA DO NUMERO 0-CENTROBAIRRO-SE,2019/01/24,1.000000,16:32:00,16:40:00,00:08:00,0.13,"3179",355030833A,-23.543310999999999,-46.635987000000000,AC Central de SP,"2692",CEMADEN,Pluviométrica,"3550308",SÃO PAULO,-46.635987000000000,-23.543310999999999
126.000000,-46.629060,-23.558240,R TEIXEIRA LEITE,R TEIXEIRA LEITE,VD DO GLICERIO-CENTROBAIRRO-SE,2019/01/24,1.000000,16:38:00,17:45:00,01:07:00,1.12,"3179",355030833A,-23.543310999999999,-46.635987000000000,AC Central de SP,"2692",CEMADEN,Pluviométrica,"3550308",SÃO PAULO,-46.635987000000000,-23.543310999999999
128.000000,-46.641155,-23.538239,AV RIO BRANCO,AV RIO BRANCO,R DOS GUSMOES-BAIRROCENTRO-SE,2019/01/24,1.000000,16:45:00,18:19:00,01:34:00,1.57,"3179",355030833A,-23.543310999999999,-46.635987000000000,AC Central de SP,"2692",CEMADEN,Pluviométrica,"3550308",SÃO PAULO,-46.635987000000000,-23.543310999999999
133.000000,-46.628561,-23.557195,R TEIXEIRA LEITE,R TEIXEIRA LEITE,R S PAULO-CENTROBAIRRO-SE,2019/01/24,1.000000,17:06:00,17:42:00,00:36:00,0.60,"3179",355030833A,-23.543310999999999,-46.635987000000000,AC Central de SP,"2692",CEMADEN,Pluviométrica,"3550308",SÃO PAULO,-46.635987000000000,-23.543310999999999
136.000000,-46.627557,-23.549089,AV DO ESTADO,AV DO ESTADO,VD VINTE E CINCO DE MARCO-SANTANAIPIRANGA-SE,2019/01/25,1.000000,00:55:00,01:16:00,00:21:00,0.35,"3179",355030833A,-23.543310999999999,-46.635987000000000,AC Central de SP,"2692",CEMADEN,Pluviométrica,"3550308",SÃO PAULO,-46.635987000000000,-23.543310999999999
137.000000,-46.644970,-23.533030,AV RIO BRANCO,AV RIO BRANCO,AV RUDGE-BAIRROCENTRO-PI,2019/01/25,1.000000,17:01:00,20:22:00,03:21:00,3.35,"3179",355030833A,-23.543310999999999,-46.635987000000000,AC Central de SP,"2692",CEMADEN,Pluviométrica,"3550308",SÃO PAULO,-46.635987000000000,-23.543310999999999
148.000000,-46.627557,-23.549089,AV DO ESTADO,AV DO ESTADO,VD VINTE E CINCO DE MARCO-SANTANAIPIRANGA-SE,2019/01/25,1.000000,22:54:00,22:30:00,23:36:00,23.60,"3179",355030833A,-23.543310999999999,-46.635987000000000,AC Central de SP,"2692",CEMADEN,Pluviométrica,"3550308",SÃO PAULO,-46.635987000000000,-23.543310999999999
165.000000,-46.649960,-23.537040,AV S JOAO,AV S JOAO,ALTURA DO NUMERO 1821-BAIRROCENTRO-SE,2019/01/29,1.000000,19:15:00,19:16:00,00:01:00,0.02,"3179",355030833A,-23.543310999999999,-46.635987000000000,AC Central de SP,"2692",CEMADEN,Pluviométrica,"3550308",SÃO PAULO,-46.635987000000000,-23.543310999999999
166.000000,-46.629470,-23.540356,R DA CANTAREIRA,R DA CANTAREIRA,AV MERCURIO-AMBOS-SE,2019/01/30,1.000000,16:59:00,18:00:00,01:01:00,1.02,"3179",355030833A,-23.543310999999999,-46.635987000000000,AC Central de SP,"2692",CEMADEN,Pluviométrica,"3550308",SÃO PAULO,-46.635987000000000,-23.543310999999999
175.000000,-46.641640,-23.537950,AV RIO BRANCO,AV RIO BRANCO,ALTURA DO NUMERO 621-BAIRROCENTRO-SE,2019/01/30,1.000000,17:16:00,18:41:00,01:25:00,1.42,"3179",355030833A,-23.543310999999999,-46.635987000000000,AC Central de SP,"2692",CEMADEN,Pluviométrica,"3550308",SÃO PAULO,-46.635987000000000,-23.543310999999999
179.000000,-46.642490,-23.536600,AV RIO BRANCO,AV RIO BRANCO,AV DUQ DE CAXIAS-AMBOS-SE,2019/01/30,1.000000,17:19:00,19:05:00,01:46:00,1.77,"3179",355030833A,-23.543310999999999,-46.635987000000000,AC Central de SP,"2692",CEMADEN,Pluviométrica,"3550308",SÃO PAULO,-46.635987000000000,-23.543310999999999
189.000000,-46.636383,-23.539781,AV IPIRANGA,AV IPIRANGA,AV CASPER LIBERO-CENTROBAIRRO-SE,2019/01/30,1.000000,18:14:00,18:54:00,00:40:00,0.67,"3179",355030833A,-23.543310999999999,-46.635987000000000,AC Central de SP,"2692",CEMADEN,Pluviométrica,"3550308",SÃO PAULO,-46.635987000000000,-23.543310999999999
230.000000,-46.641682,-23.537535,AV RIO BRANCO,AV RIO BRANCO,R GAL OSORIO-BAIRROCENTRO-SE,2019/02/04,2.000000,08:08:00,13:30:00,05:22:00,5.37,"3179",355030833A,-23.543310999999999,-46.635987000000000,AC Central de SP,"2692",CEMADEN,Pluviométrica,"3550308",SÃO PAULO,-46.635987000000000,-23.543310999999999
260.000000,-46.628260,-23.554520,R GLICERIO,R GLICERIO,ALTURA DO NUMERO 221-UNICO - NAO INFORMADA-SE,2019/02/06,2.000000,16:01:00,16:48:00,00:47:00,0.78,"3179",355030833A,-23.543310999999999,-46.635987000000000,AC Central de SP,"2692",CEMADEN,Pluviométrica,"3550308",SÃO PAULO,-46.635987000000000,-23.543310999999999
268.000000,-46.627042,-23.543123,AV MERCURIO,AV MERCURIO,PC S VITO-UNICO - ESQUERDA-SE,2019/02/06,2.000000,18:36:00,21:50:00,03:14:00,3.23,"3179",355030833A,-23.543310999999999,-46.635987000000000,AC Central de SP,"2692",CEMADEN,Pluviométrica,"3550308",SÃO PAULO,-46.635987000000000,-23.543310999999999
289.000000,-46.638910,-23.549810,PC DA BANDEIRA,PC DA BANDEIRA REPUBLICA,PQ ANHANGABAU-BAIRROCENTRO - LOCAL-SE,2019/02/15,2.000000,21:36:00,22:04:00,00:28:00,0.47,"3179",355030833A,-23.543310999999999,-46.635987000000000,AC Central de SP,"2692",CEMADEN,Pluviométrica,"3550308",SÃO PAULO,-46.635987000000000,-23.543310999999999
293.000000,-46.640456,-23.549091,PC DA BANDEIRA,PC DA BANDEIRA,AV NOVE DE JULHO-CENTROBAIRRO-SE,2019/02/15,2.000000,21:43:00,22:02:00,00:19:00,0.32,"3179",355030833A,-23.543310999999999,-46.635987000000000,AC Central de SP,"2692",CEMADEN,Pluviométrica,"3550308",SÃO PAULO,-46.635987000000000,-23.543310999999999
318.000000,-46.628561,-23.557195,R TEIXEIRA LEITE,R TEIXEIRA LEITE,R S PAULO-UNICO-SE,2019/02/16,2.000000,19:08:00,21:33:00,02:25:00,2.42,"3179",355030833A,-23.543310999999999,-46.635987000000000,AC Central de SP,"2692",CEMADEN,Pluviométrica,"3550308",SÃO PAULO,-46.635987000000000,-23.543310999999999
324.000000,-46.629470,-23.540356,AV MERCURIO,AV MERCURIO,R DA CANTAREIRA-UNICO-SE,2019/02/16,2.000000,19:37:00,00:00:00,04:23:00,4.38,"3179",355030833A,-23.543310999999999,-46.635987000000000,AC Central de SP,"2692",CEMADEN,Pluviométrica,"3550308",SÃO PAULO,-46.635987000000000,-23.543310999999999
339.000000,-46.649510,-23.555670,PCA 14 BIS,PRA├çA 14 BIS,AV NOVE DE JULHO-AMBOS-SE,2019/02/20,2.000000,19:50:00,20:50:00,01:00:00,1.00,"3179",355030833A,-23.543310999999999,-46.635987000000000,AC Central de SP,"2692",CEMADEN,Pluviométrica,"3550308",SÃO PAULO,-46.635987000000000,-23.543310999999999
372.000000,-46.638910,-23.549790,PC DA BANDEIRA,PC DA BANDEIRA (REPUBLICA),PQ ANHANGABAU - BAIRRO/CENTRO,2019/02/21,2.000000,18:55:00,20:02:00,01:07:00,1.12,"3179",355030833A,-23.543310999999999,-46.635987000000000,AC Central de SP,"2692",CEMADEN,Pluviométrica,"3550308",SÃO PAULO,-46.635987000000000,-23.543310999999999
374.000000,-46.638820,-23.548270,AV VINTE E TRES DE MAIO,AV VINTE E TRES DE MAIO,AV NOVE DE JULHO - SANTANA/AEROPORTO,2019/02/21,2.000000,18:57:00,19:44:00,00:47:00,0.78,"3179",355030833A,-23.543310999999999,-46.635987000000000,AC Central de SP,"2692",CEMADEN,Pluviométrica,"3550308",SÃO PAULO,-46.635987000000000,-23.543310999999999
384.000000,-46.624845,-23.533575,AV DO ESTADO,AV DO ESTADO (BOM RETIRO),ALTURA DO N├ÜMERO 2023 - SANTANA/IPIRANGA,2019/02/21,2.000000,19:22:00,22:37:00,03:15:00,3.25,"3179",355030833A,-23.543310999999999,-46.635987000000000,AC Central de SP,"2692",CEMADEN,Pluviométrica,"3550308",SÃO PAULO,-46.635987000000000,-23.543310999999999
392.000000,-46.628561,-23.557195,R SAO PAULO,R S PAULO (LIBERDADE),R TEIXEIRA LEITE - UNICO,2019/02/21,2.000000,19:34:00,19:53:00,00:19:00,0.32,"3179",355030833A,-23.543310999999999,-46.635987000000000,AC Central de SP,"2692",CEMADEN,Pluviométrica,"3550308",SÃO PAULO,-46.635987000000000,-23.543310999999999
393.000000,-46.625495,-23.534161,R JOAO TEODORO,R JOAO TEODORO (BOM RETIRO),AV DO ESTADO - BAIRRO/CENTRO,2019/02/21,2.000000,19:35:00,22:36:00,03:01:00,3.02,"3179",355030833A,-23.543310999999999,-46.635987000000000,AC Central de SP,"2692",CEMADEN,Pluviométrica,"3550308",SÃO PAULO,-46.635987000000000,-23.543310999999999
395.000000,-46.629470,-23.540356,AV MERCURIO,AV MERCURIO (SE),R DA CANTAREIRA - AMBOS,2019/02/21,2.000000,19:37:00,21:03:00,01:26:00,1.43,"3179",355030833A,-23.543310999999999,-46.635987000000000,AC Central de SP,"2692",CEMADEN,Pluviométrica,"3550308",SÃO PAULO,-46.635987000000000,-23.543310999999999
398.000000,-46.627554,-23.539251,AV DO ESTADO,AV DO ESTADO (BOM RETIRO),R PAULA SOUSA - AMBOS,2019/02/21,2.000000,19:48:00,22:36:00,02:48:00,2.80,"3179",355030833A,-23.543310999999999,-46.635987000000000,AC Central de SP,"2692",CEMADEN,Pluviométrica,"3550308",SÃO PAULO,-46.635987000000000,-23.543310999999999
399.000000,-46.628215,-23.541352,AV DO ESTADO,AV DO. ESTADO,AV MERCURIO - SANTANA/IPIRANGA,2019/02/21,2.000000,20:09:00,21:02:00,00:53:00,0.88,"3179",355030833A,-23.543310999999999,-46.635987000000000,AC Central de SP,"2692",CEMADEN,Pluviométrica,"3550308",SÃO PAULO,-46.635987000000000,-23.543310999999999
403.000000,-46.627557,-23.549089,AV DO ESTADO,AV DO. ESTADO,VD VINTE E CINCO DE MARCO - SANTANA/IPIRANGA - N├âO INFORMADA,2019/02/21,2.000000,21:13:00,23:50:00,02:37:00,2.62,"3179",355030833A,-23.543310999999999,-46.635987000000000,AC Central de SP,"2692",CEMADEN,Pluviométrica,"3550308",SÃO PAULO,-46.635987000000000,-23.543310999999999
418.000000,-46.642490,-23.536600,AV RIO BRANCO,AV. RIO BRANCO (REPUBLICA),AV DUQ DE CAXIAS - BAIRRO/CENTRO,2019/02/24,2.000000,18:15:00,20:00:00,01:45:00,1.75,"3179",355030833A,-23.543310999999999,-46.635987000000000,AC Central de SP,"2692",CEMADEN,Pluviométrica,"3550308",SÃO PAULO,-46.635987000000000,-23.543310999999999
423.000000,-46.649880,-23.537050,AV S JOAO,AV S JOAO,AL GLETE-BAIRROCENTRO-SE,2019/02/26,2.000000,01:44:00,03:44:00,02:00:00,2.00,"3179",355030833A,-23.543310999999999,-46.635987000000000,AC Central de SP,"2692",CEMADEN,Pluviométrica,"3550308",SÃO PAULO,-46.635987000000000,-23.543310999999999
426.000000,-46.646050,-23.549915,AV NOVE DE JULHO,AV NOVE DE JULHO,R MARTINHO PRADO-BAIRROCENTRO-SE,2019/02/26,2.000000,02:49:00,03:02:00,00:13:00,0.22,"3179",355030833A,-23.543310999999999,-46.635987000000000,AC Central de SP,"2692",CEMADEN,Pluviométrica,"3550308",SÃO PAULO,-46.635987000000000,-23.543310999999999
450.000000,-46.642490,-23.536600,AV RIO BRANCO,AV RIO BRANCO,AV DUQ DE CAXIAS-BAIRROCENTRO-SE,2019/02/26,2.000000,07:14:00,16:57:00,09:43:00,9.72,"3179",355030833A,-23.543310999999999,-46.635987000000000,AC Central de SP,"2692",CEMADEN,Pluviométrica,"3550308",SÃO PAULO,-46.635987000000000,-23.543310999999999
455.000000,-46.627042,-23.543123,AV MERCURIO,AV MERCURIO,PC S VITO-UNICO-SE,2019/02/26,2.000000,07:51:00,17:05:00,09:14:00,9.23,"3179",355030833A,-23.543310999999999,-46.635987000000000,AC Central de SP,"2692",CEMADEN,Pluviométrica,"3550308",SÃO PAULO,-46.635987000000000,-23.543310999999999
459.000000,-46.644560,-23.549430,PC DESEM MARIO PIRES,PC DESEM MARIO PIRES,R MARTINS FONTES-CENTROBAIRRO-SE,2019/02/26,2.000000,08:29:00,17:02:00,08:33:00,8.55,"3179",355030833A,-23.543310999999999,-46.635987000000000,AC Central de SP,"2692",CEMADEN,Pluviométrica,"3550308",SÃO PAULO,-46.635987000000000,-23.543310999999999
469.000000,-46.649880,-23.537050,AV S JOAO,AV S JOAO,AL GLETE-BAIRROCENTRO-SE,2019/02/28,2.000000,02:10:00,02:18:00,00:08:00,0.13,"3179",355030833A,-23.543310999999999,-46.635987000000000,AC Central de SP,"2692",CEMADEN,Pluviométrica,"3550308",SÃO PAULO,-46.635987000000000,-23.543310999999999
484.000000,-46.639130,-23.559360,AV VINTE E TRES DE MAIO,AV VINTE E TRES DE MAIO LIBERDADE,VD GAL EUCLIDES DE FIGUEIREDO-SANTANAAEROPORTO - UNICA-MG,2019/03/02,3.000000,19:05:00,19:47:00,00:42:00,0.70,"3179",355030833A,-23.543310999999999,-46.635987000000000,AC Central de SP,"2692",CEMADEN,Pluviométrica,"3550308",SÃO PAULO,-46.635987000000000,-23.543310999999999
486.000000,-46.642490,-23.536600,AV RIO BRANCO,AV RIO BRANCO REPUBLICA,AV DUQ DE CAXIAS-BAIRROCENTRO - UNICA-SE,2019/03/02,3.000000,19:13:00,19:23:00,00:10:00,0.17,"3179",355030833A,-23.543310999999999,-46.635987000000000,AC Central de SP,"2692",CEMADEN,Pluviométrica,"3550308",SÃO PAULO,-46.635987000000000,-23.543310999999999
494.000000,-46.638115,-23.547317,TN PAPA JOAO PAULO II,TN PAPA JOAO PAULO II (REPUBLICA),ALTURA DO N├ÜMERO 0 - SANTANA/AEROPORTO,2019/03/02,3.000000,19:29:00,20:42:00,01:13:00,1.22,"3179",355030833A,-23.543310999999999,-46.635987000000000,AC Central de SP,"2692",CEMADEN,Pluviométrica,"3550308",SÃO PAULO,-46.635987000000000,-23.543310999999999
496.000000,-46.638240,-23.550330,AV VINTE E TRES DE MAIO,AV VINTE E TRES DE MAIO,PC DA BANDEIRA - SANTANA/AEROPORTO,2019/03/02,3.000000,19:43:00,19:55:00,00:12:00,0.20,"3179",355030833A,-23.543310999999999,-46.635987000000000,AC Central de SP,"2692",CEMADEN,Pluviométrica,"3550308",SÃO PAULO,-46.635987000000000,-23.543310999999999
515.000000,-46.641770,-23.537580,AV RIO BRANCO,AV RIO BRANCO,R GAL OSORIO - BAIRRO/CENTRO - ├ÜNICA,2019/03/02,3.000000,20:28:00,20:43:00,00:15:00,0.25,"3179",355030833A,-23.543310999999999,-46.635987000000000,AC Central de SP,"2692",CEMADEN,Pluviométrica,"3550308",SÃO PAULO,-46.635987000000000,-23.543310999999999
536.000000,-46.632190,-23.541980,R VINTE E CINCO DE MARCO,R VINTE E CINCO DE MARCO,R HERCULES FLORENCE-UNICO-SE,2019/03/05,3.000000,18:12:00,21:09:00,02:57:00,2.95,"3179",355030833A,-23.543310999999999,-46.635987000000000,AC Central de SP,"2692",CEMADEN,Pluviométrica,"3550308",SÃO PAULO,-46.635987000000000,-23.543310999999999
539.000000,-46.628150,-23.540280,AV DO ESTADO,AV DO ESTADO,ALTURA DO NUMERO 2950-SANTANAIPIRANGA-SE,2019/03/05,3.000000,18:20:00,21:16:00,02:56:00,2.93,"3179",355030833A,-23.543310999999999,-46.635987000000000,AC Central de SP,"2692",CEMADEN,Pluviométrica,"3550308",SÃO PAULO,-46.635987000000000,-23.543310999999999
540.000000,-46.629470,-23.540356,AV MERCURIO,AV MERCURIO,R DA CANTAREIRA-UNICO - DIREITA-SE,2019/03/05,3.000000,18:24:00,21:17:00,02:53:00,2.88,"3179",355030833A,-23.543310999999999,-46.635987000000000,AC Central de SP,"2692",CEMADEN,Pluviométrica,"3550308",SÃO PAULO,-46.635987000000000,-23.543310999999999
541.000000,-46.630740,-23.539930,AV SEN QUEIROS,AV SEN QUEIROS,R BR DE DUPRAT-UNICO - DIREITA-SE,2019/03/05,3.000000,18:24:00,21:16:00,02:52:00,2.87,"3179",355030833A,-23.543310999999999,-46.635987000000000,AC Central de SP,"2692",CEMADEN,Pluviométrica,"3550308",SÃO PAULO,-46.635987000000000,-23.543310999999999
543.000000,-46.628560,-23.557170,R TEIXEIRA LEITE,R TEIXEIRA LEITE LIBERDADE,R S PAULO-UNICO-SE,2019/03/05,3.000000,18:37:00,20:33:00,01:56:00,1.93,"3179",355030833A,-23.543310999999999,-46.635987000000000,AC Central de SP,"2692",CEMADEN,Pluviométrica,"3550308",SÃO PAULO,-46.635987000000000,-23.543310999999999
575.000000,-46.641155,-23.538239,AV RIO BRANCO,AV RIO BRANCO,R DOS GUSMOES-CENTROBAIRRO-SE,2019/03/07,3.000000,16:48:00,19:21:00,02:33:00,2.55,"3179",355030833A,-23.543310999999999,-46.635987000000000,AC Central de SP,"2692",CEMADEN,Pluviométrica,"3550308",SÃO PAULO,-46.635987000000000,-23.543310999999999
576.000000,-46.627042,-23.543123,AV MERCURIO,AV MERCURIO,PC S VITO-UNICO - ESQUERDA-SE,2019/03/07,3.000000,17:34:00,17:58:00,00:24:00,0.40,"3179",355030833A,-23.543310999999999,-46.635987000000000,AC Central de SP,"2692",CEMADEN,Pluviométrica,"3550308",SÃO PAULO,-46.635987000000000,-23.543310999999999
577.000000,-46.629470,-23.540356,AV MERCURIO,AV MERCURIO,R DA CANTAREIRA-UNICO - ESQUERDA-SE,2019/03/07,3.000000,17:38:00,19:23:00,01:45:00,1.75,"3179",355030833A,-23.543310999999999,-46.635987000000000,AC Central de SP,"2692",CEMADEN,Pluviométrica,"3550308",SÃO PAULO,-46.635987000000000,-23.543310999999999
578.000000,-46.642590,-23.542060,PC DA REPUBLICA,PC DA REPUBLICA,ALTURA DO NUMERO 497-UNICO-SE,2019/03/07,3.000000,17:42:00,19:41:00,01:59:00,1.98,"3179",355030833A,-23.543310999999999,-46.635987000000000,AC Central de SP,"2692",CEMADEN,Pluviométrica,"3550308",SÃO PAULO,-46.635987000000000,-23.543310999999999
579.000000,-46.641670,-23.537910,AV RIO BRANCO,AV RIO BRANCO,ALTURA DO NUMERO 625-BAIRROCENTRO-SE,2019/03/07,3.000000,17:58:00,19:21:00,01:23:00,1.38,"3179",355030833A,-23.543310999999999,-46.635987000000000,AC Central de SP,"2692",CEMADEN,Pluviométrica,"3550308",SÃO PAULO,-46.635987000000000,-23.543310999999999
580.000000,-46.640838,-23.538277,AV RIO BRANCO,AV RIO BRANCO,ALTURA DO NUMERO 530-BAIRROCENTRO-SE,2019/03/07,3.000000,18:02:00,19:22:00,01:20:00,1.33,"3179",355030833A,-23.543310999999999,-46.635987000000000,AC Central de SP,"2692",CEMADEN,Pluviométrica,"3550308",SÃO PAULO,-46.635987000000000,-23.543310999999999
604.000000,-46.638910,-23.549790,PQ ANHANGABAU,PQ ANHANGABAU (REPUBLICA),PC DA BANDEIRA - SANTANA/AEROPORTO - ├ÜNICA,2019/03/10,3.000000,21:53:00,00:19:00,23/01/1900 02:26:00,2.43,"3179",355030833A,-23.543310999999999,-46.635987000000000,AC Central de SP,"2692",CEMADEN,Pluviométrica,"3550308",SÃO PAULO,-46.635987000000000,-23.543310999999999
605.000000,-46.627621,-23.555527,VD LESTE-OESTE,VD LESTE-OESTE,AV RADIAL LESTE-OESTE - LAPA/PENHA - ├ÜNICA,2019/03/10,3.000000,21:58:00,01:34:00,23/01/1900 03:36:00,3.60,"3179",355030833A,-23.543310999999999,-46.635987000000000,AC Central de SP,"2692",CEMADEN,Pluviométrica,"3550308",SÃO PAULO,-46.635987000000000,-23.543310999999999
641.000000,-46.626460,-23.530360,R TIBIRICA,R TIBIRICA BOM RETIRO,AV DO ESTADO-UNICO-SE,2019/03/11,3.000000,04:45:00,08:44:00,03:59:00,3.98,"3179",355030833A,-23.543310999999999,-46.635987000000000,AC Central de SP,"2692",CEMADEN,Pluviométrica,"3550308",SÃO PAULO,-46.635987000000000,-23.543310999999999
670.000000,-46.649880,-23.537050,AV S JOAO,AV S JOAO,AL GLETE-BAIRROCENTRO-PI,2019/03/11,3.000000,08:30:00,14:09:00,05:39:00,5.65,"3179",355030833A,-23.543310999999999,-46.635987000000000,AC Central de SP,"2692",CEMADEN,Pluviométrica,"3550308",SÃO PAULO,-46.635987000000000,-23.543310999999999
674.000000,-46.624080,-23.554820,AV DO ESTADO,AV DO ESTADO BOM RETIRO,R WANDENKOLK-IPIRANGASANTANA - LOCAL-SE,2019/03/11,3.000000,08:42:00,11:26:00,02:44:00,2.73,"3179",355030833A,-23.543310999999999,-46.635987000000000,AC Central de SP,"2692",CEMADEN,Pluviométrica,"3550308",SÃO PAULO,-46.635987000000000,-23.543310999999999
699.000000,-46.649960,-23.537040,AV S JOAO,AV S JOAO,ALTURA DO NUMERO 1821-BAIRROCENTRO-SE,2019/03/17,3.000000,14:37:00,14:41:00,00:04:00,0.07,"3179",355030833A,-23.543310999999999,-46.635987000000000,AC Central de SP,"2692",CEMADEN,Pluviométrica,"3550308",SÃO PAULO,-46.635987000000000,-23.543310999999999
715.000000,-46.638806,-23.549408,AV VINTE E TRES DE MAIO,AV. VINTE E TRES DE MAIO (LIBERDADE),PC DA BANDEIRA - SANTANA/AEROPORTO,2019/03/19,3.000000,18:07:00,18:56:00,00:49:00,0.82,"3179",355030833A,-23.543310999999999,-46.635987000000000,AC Central de SP,"2692",CEMADEN,Pluviométrica,"3550308",SÃO PAULO,-46.635987000000000,-23.543310999999999
720.000000,-46.649880,-23.537050,AV SAO JOAO,AV. S. JOAO,AL GLETE - BAIRRO/CENTRO,2019/03/20,3.000000,07:44:00,07:59:00,00:15:00,0.25,"3179",355030833A,-23.543310999999999,-46.635987000000000,AC Central de SP,"2692",CEMADEN,Pluviométrica,"3550308",SÃO PAULO,-46.635987000000000,-23.543310999999999
726.000000,-46.650951,-23.535584,R GAL JULIO MARCONDES SALGADO,R. GAL. JULIO MARCONDES SALGADO,AL. NOTHMANN - ├ÜNICO,2019/03/28,3.000000,08:44:00,08:47:00,00:03:00,0.05,"3179",355030833A,-23.543310999999999,-46.635987000000000,AC Central de SP,"2692",CEMADEN,Pluviométrica,"3550308",SÃO PAULO,-46.635987000000000,-23.543310999999999
728.000000,-46.641770,-23.537580,AV RIO BRANCO,AV RIO BRANCO REPUBLICA,R GAL OSORIO  R AURORA-BAIRROCENTRO - UNICA-SE,2019/04/06,4.000000,14:39:00,16:09:00,01:30:00,1.50,"3179",355030833A,-23.543310999999999,-46.635987000000000,AC Central de SP,"2692",CEMADEN,Pluviométrica,"3550308",SÃO PAULO,-46.635987000000000,-23.543310999999999
729.000000,-46.642490,-23.536600,AV RIO BRANCO,AV RIO BRANCO REPUBLICA,AV DUQ DE CAXIAS-BAIRROCENTRO - UNICA-SE,2019/04/06,4.000000,14:45:00,16:08:00,01:23:00,1.38,"3179",355030833A,-23.543310999999999,-46.635987000000000,AC Central de SP,"2692",CEMADEN,Pluviométrica,"3550308",SÃO PAULO,-46.635987000000000,-23.543310999999999
730.000000,-46.639130,-23.559360,AV VINTE E TRES DE MAIO,AV VINTE E TRES DE MAIO LIBERDADE,VD GAL EUCLIDES DE FIGUEIREDO-AMBOS-MG,2019/04/06,4.000000,14:49:00,16:28:00,01:39:00,1.65,"3179",355030833A,-23.543310999999999,-46.635987000000000,AC Central de SP,"2692",CEMADEN,Pluviométrica,"3550308",SÃO PAULO,-46.635987000000000,-23.543310999999999
755.000000,-46.641710,-23.537850,AV RIO BRANCO,AV RIO BRANCO,ALTURA DO NUMERO 633-BAIRROCENTRO - UNICA-SE,2019/04/08,4.000000,14:34:00,14:35:00,00:01:00,0.02,"3179",355030833A,-23.543310999999999,-46.635987000000000,AC Central de SP,"2692",CEMADEN,Pluviométrica,"3550308",SÃO PAULO,-46.635987000000000,-23.543310999999999
756.000000,-46.641230,-23.538560,AV RIO BRANCO,AV RIO BRANCO,ALTURA DO NUMERO 547-BAIRROCENTRO - NAO INFORMADA-SE,2019/04/08,4.000000,14:37:00,16:06:00,01:29:00,1.48,"3179",355030833A,-23.543310999999999,-46.635987000000000,AC Central de SP,"2692",CEMADEN,Pluviométrica,"3550308",SÃO PAULO,-46.635987000000000,-23.543310999999999
758.000000,-46.639824,-23.540294,AV RIO BRANCO,AV RIO BRANCO,ALTURA DO NUMERO 313-BAIRROCENTRO - UNICA-SE,2019/04/08,4.000000,17:52:00,19:07:00,01:15:00,1.25,"3179",355030833A,-23.543310999999999,-46.635987000000000,AC Central de SP,"2692",CEMADEN,Pluviométrica,"3550308",SÃO PAULO,-46.635987000000000,-23.543310999999999
781.000000,-46.647754,-23.542751,R AMARAL GURGEL,R. AMARAL GURGEL,R STA ISABEL - CENTRO/BAIRRO,2019/04/11,4.000000,08:18:00,08:46:00,00:28:00,0.47,"3179",355030833A,-23.543310999999999,-46.635987000000000,AC Central de SP,"2692",CEMADEN,Pluviométrica,"3550308",SÃO PAULO,-46.635987000000000,-23.543310999999999
787.000000,-46.630740,-23.539930,AV SEN QUEIROS,AV SEN QUEIROS,R BR DE DUPRAT - UNICO,2019/04/16,4.000000,10:52:00,11:03:00,00:11:00,0.18,"3179",355030833A,-23.543310999999999,-46.635987000000000,AC Central de SP,"2692",CEMADEN,Pluviométrica,"3550308",SÃO PAULO,-46.635987000000000,-23.543310999999999
789.000000,-46.630740,-23.539930,R BR DE DUPRAT,R BR DE DUPRAT,AV SEN QUEIROS - ├ÜNICO,2019/04/22,4.000000,08:20:00,10:20:00,02:00:00,2.00,"3179",355030833A,-23.543310999999999,-46.635987000000000,AC Central de SP,"2692",CEMADEN,Pluviométrica,"3550308",SÃO PAULO,-46.635987000000000,-23.543310999999999
790.000000,-46.630740,-23.539930,AV SEN QUEIROS,AV SEN QUEIROS,R BR DE DUPRAT - UNICO,2019/04/23,4.000000,18:03:00,18:16:00,00:13:00,0.22,"3179",355030833A,-23.543310999999999,-46.635987000000000,AC Central de SP,"2692",CEMADEN,Pluviométrica,"3550308",SÃO PAULO,-46.635987000000000,-23.543310999999999
791.000000,-46.630740,-23.539930,R BR DE DUPRAT,R BR DE DUPRAT,AV SEN QUEIROS - ├ÜNICO,2019/04/25,4.000000,07:27:00,07:40:00,00:13:00,0.22,"3179",355030833A,-23.543310999999999,-46.635987000000000,AC Central de SP,"2692",CEMADEN,Pluviométrica,"3550308",SÃO PAULO,-46.635987000000000,-23.543310999999999
793.000000,-46.632590,-23.544310,AV VINTE E CINCO DE MARCO,VINTE E CINCO DE MAR├çO,LADEIRA PORTO GERAL-CENTROBAIRRO-SE,2019/04/26,4.000000,15:53:00,19:00:00,03:07:00,3.12,"3179",355030833A,-23.543310999999999,-46.635987000000000,AC Central de SP,"2692",CEMADEN,Pluviométrica,"3550308",SÃO PAULO,-46.635987000000000,-23.543310999999999
794.000000,-46.629580,-23.556810,R GLICERIO,R GLICERIO,R S PAULO-UNICO - UNICA-SE,2019/04/26,4.000000,16:01:00,16:52:00,00:51:00,0.85,"3179",355030833A,-23.543310999999999,-46.635987000000000,AC Central de SP,"2692",CEMADEN,Pluviométrica,"3550308",SÃO PAULO,-46.635987000000000,-23.543310999999999
795.000000,-46.628560,-23.557170,R SAO PAULO,R S PAULO,R TEIXEIRA LEITE-AMBOS - SE,2019/04/26,4.000000,16:11:00,16:34:00,00:23:00,0.38,"3179",355030833A,-23.543310999999999,-46.635987000000000,AC Central de SP,"2692",CEMADEN,Pluviométrica,"3550308",SÃO PAULO,-46.635987000000000,-23.543310999999999
796.000000,-46.627100,-23.542850,AV MERCURIO,AV MERCURIO,PC S VITO-BAIRROCENTRO-SE,2019/04/26,4.000000,16:15:00,19:00:00,02:45:00,2.75,"3179",355030833A,-23.543310999999999,-46.635987000000000,AC Central de SP,"2692",CEMADEN,Pluviométrica,"3550308",SÃO PAULO,-46.635987000000000,-23.543310999999999
797.000000,-46.639130,-23.559360,AV VINTE E TRES DE MAIO,AV VINTE E TRES DE MAIO LIBERDADE,VD GAL EUCLIDES DE FIGUEIREDO-SANTANAAEROPORTO - AMBAS-MG,2019/04/26,4.000000,16:25:00,16:55:00,00:30:00,0.50,"3179",355030833A,-23.543310999999999,-46.635987000000000,AC Central de SP,"2692",CEMADEN,Pluviométrica,"3550308",SÃO PAULO,-46.635987000000000,-23.543310999999999
798.000000,-46.630110,-23.541890,R DA CANTAREIRA,R DA CANTAREIRA BOM RETIRO,R COMEN AFONSO KHERLAKIAN-UNICO - UNICA-SE,2019/04/26,4.000000,16:27:00,19:20:00,02:53:00,2.88,"3179",355030833A,-23.543310999999999,-46.635987000000000,AC Central de SP,"2692",CEMADEN,Pluviométrica,"3550308",SÃO PAULO,-46.635987000000000,-23.543310999999999
799.000000,-46.630110,-23.541890,R DA CANTAREIRA,RUA DA CANTAREIRA,R COMENDADOR AFONSO KHERLAKIAN-UNICO-SE,2019/04/26,4.000000,15:55:00,19:20:00,00:23:00,0.38,"3179",355030833A,-23.543310999999999,-46.635987000000000,AC Central de SP,"2692",CEMADEN,Pluviométrica,"3550308",SÃO PAULO,-46.635987000000000,-23.543310999999999
800.000000,-46.641770,-23.537580,AV RIO BRANCO,AV RIO BRANCO REPUBLICA,R GAL OSORIO-BAIRROCENTRO - UNICA-SE,2019/04/26,4.000000,16:32:00,17:25:00,00:53:00,0.88,"3179",355030833A,-23.543310999999999,-46.635987000000000,AC Central de SP,"2692",CEMADEN,Pluviométrica,"3550308",SÃO PAULO,-46.635987000000000,-23.543310999999999
801.000000,-46.639130,-23.559360,AV VINTE E TRES DE MAIO,AV VINTE E TRES DE MAIO LIBERDADE,VD GAL EUCLIDES DE FIGUEIREDO-AEROPORTOSANTANA - AMBAS-MG,2019/04/26,4.000000,16:32:00,16:57:00,00:25:00,0.42,"3179",355030833A,-23.543310999999999,-46.635987000000000,AC Central de SP,"2692",CEMADEN,Pluviométrica,"3550308",SÃO PAULO,-46.635987000000000,-23.543310999999999
802.000000,-46.623080,-23.552250,AV ALCANTARA MACHADO,AV ALCANTARA MACHADO,ALTURA DO NUMERO 200-AMBOS - UNICA-MO,2019/04/26,4.000000,16:39:00,18:20:00,01:41:00,1.68,"3179",355030833A,-23.543310999999999,-46.635987000000000,AC Central de SP,"2692",CEMADEN,Pluviométrica,"3550308",SÃO PAULO,-46.635987000000000,-23.543310999999999
804.000000,-46.627042,-23.543123,AV MERCURIO,AV MERCURIO,PC S VITO-UNICO - ESQUERDA-SE,2019/04/26,4.000000,16:46:00,16:47:00,00:01:00,0.02,"3179",355030833A,-23.543310999999999,-46.635987000000000,AC Central de SP,"2692",CEMADEN,Pluviométrica,"3550308",SÃO PAULO,-46.635987000000000,-23.543310999999999
805.000000,-46.629470,-23.540356,AV MERCURIO,AV MERCURIO,R DA CANTAREIRA-UNICO - ESQUERDA-SE,2019/04/26,4.000000,16:50:00,17:25:00,00:35:00,0.58,"3179",355030833A,-23.543310999999999,-46.635987000000000,AC Central de SP,"2692",CEMADEN,Pluviométrica,"3550308",SÃO PAULO,-46.635987000000000,-23.543310999999999
808.000000,-46.638770,-23.548401,TN ANHANGABAU,TN ANHANGABAU,EMBOQUE SUL - ERA/ST (S├ë),2019/04/28,4.000000,18:28:00,19:24:00,00:56:00,0.93,"3179",355030833A,-23.543310999999999,-46.635987000000000,AC Central de SP,"2692",CEMADEN,Pluviométrica,"3550308",SÃO PAULO,-46.635987000000000,-23.543310999999999
811.000000,-46.627042,-23.543123,AV MERCURIO,AV MERCURIO,PC S VITO - ├ÜNICO (S├ë),2019/04/29,4.000000,04:38:00,04:47:00,00:09:00,0.15,"3179",355030833A,-23.543310999999999,-46.635987000000000,AC Central de SP,"2692",CEMADEN,Pluviométrica,"3550308",SÃO PAULO,-46.635987000000000,-23.543310999999999
832.000000,-46.623490,-23.551907,AV ALCANTARA MACHADO,AV ALCANTARA MACHADO,R WANDENKOLK-BAIRROCENTRO - EXP-MO,2019/06/03,6.000000,07:09:00,13:25:00,06:16:00,6.27,"3179",355030833A,-23.543310999999999,-46.635987000000000,AC Central de SP,"2692",CEMADEN,Pluviométrica,"3550308",SÃO PAULO,-46.635987000000000,-23.543310999999999
833.000000,-46.645506,-23.543318,R BENTO FREITAS,R BENTO FREITAS,R AURORA-UNICO-SE,2019/06/03,6.000000,07:13:00,07:24:00,00:11:00,0.18,"3179",355030833A,-23.543310999999999,-46.635987000000000,AC Central de SP,"2692",CEMADEN,Pluviométrica,"3550308",SÃO PAULO,-46.635987000000000,-23.543310999999999
834.000000,-46.645530,-23.543880,R BENTO FREITAS,R BENTO FREITAS,R MARQ DE ITU-UNICO-SE,2019/06/03,6.000000,07:17:00,07:19:00,00:02:00,0.03,"3179",355030833A,-23.543310999999999,-46.635987000000000,AC Central de SP,"2692",CEMADEN,Pluviométrica,"3550308",SÃO PAULO,-46.635987000000000,-23.543310999999999
835.000000,-46.627042,-23.543123,AV MERCURIO,AV MERCURIO,PC S VITO-UNICO-SE,2019/06/03,6.000000,07:32:00,07:44:00,00:12:00,0.20,"3179",355030833A,-23.543310999999999,-46.635987000000000,AC Central de SP,"2692",CEMADEN,Pluviométrica,"3550308",SÃO PAULO,-46.635987000000000,-23.543310999999999
837.000000,-46.651650,-23.536050,AV S JOAO,AV S JOAO,AL NOTHMANN-BAIRROCENTRO-SE,2019/06/03,6.000000,07:51:00,07:55:00,00:04:00,0.07,"3179",355030833A,-23.543310999999999,-46.635987000000000,AC Central de SP,"2692",CEMADEN,Pluviométrica,"3550308",SÃO PAULO,-46.635987000000000,-23.543310999999999
840.000000,-46.617661,-23.537887,R ORIENTE,R ORIENTE,R MILLER-UNICO-MO,2019/06/03,6.000000,08:13:00,13:10:00,04:57:00,4.95,"3179",355030833A,-23.543310999999999,-46.635987000000000,AC Central de SP,"2692",CEMADEN,Pluviométrica,"3550308",SÃO PAULO,-46.635987000000000,-23.543310999999999
857.000000,-46.626420,-23.531580,AV DO ESTADO,AV DO ESTADO BOM RETIRO,ALTURA DO NUMERO 1902-SANTANAIPIRANGA-SE,2019/07/04,7.000000,08:24:00,08:34:00,00:10:00,0.17,"3179",355030833A,-23.543310999999999,-46.635987000000000,AC Central de SP,"2692",CEMADEN,Pluviométrica,"3550308",SÃO PAULO,-46.635987000000000,-23.543310999999999
870.000000,-46.642490,-23.536600,AV RIO BRANCO,AV RIO BRANCO REPUBLICA,AV DUQ DE CAXIAS-BAIRROCENTRO-SE,2019/07/04,7.000000,14:55:00,15:06:00,00:11:00,0.18,"3179",355030833A,-23.543310999999999,-46.635987000000000,AC Central de SP,"2692",CEMADEN,Pluviométrica,"3550308",SÃO PAULO,-46.635987000000000,-23.543310999999999
871.000000,-46.633120,-23.535380,AV SEN QUEIROS,AV SEN QUEIROS REPUBLICA,R FLORENCIO DE ABREU-BAIRROCENTRO - DIREITA-SE,2019/07/04,7.000000,15:01:00,15:05:00,00:04:00,0.07,"3179",355030833A,-23.543310999999999,-46.635987000000000,AC Central de SP,"2692",CEMADEN,Pluviométrica,"3550308",SÃO PAULO,-46.635987000000000,-23.543310999999999
876.000000,-46.632313,-23.541833,R VINTE E CINCO DE MARCO,R VINTE E CINCO DE MARCO,ALTURA DO NUMERO 595-UNICO-SE,2019/07/04,7.000000,16:13:00,16:28:00,00:15:00,0.25,"3179",355030833A,-23.543310999999999,-46.635987000000000,AC Central de SP,"2692",CEMADEN,Pluviométrica,"3550308",SÃO PAULO,-46.635987000000000,-23.543310999999999
877.000000,-46.631060,-23.547890,R VINTE E CINCO DE MARCO,R VINTE E CINCO DE MARCO,ALTURA DO NUMERO 205-UNICO-SE,2019/07/04,7.000000,16:17:00,16:26:00,00:09:00,0.15,"3179",355030833A,-23.543310999999999,-46.635987000000000,AC Central de SP,"2692",CEMADEN,Pluviométrica,"3550308",SÃO PAULO,-46.635987000000000,-23.543310999999999
878.000000,-46.627042,-23.543123,AV MERCURIO,AV MERCURIO,PC S VITO-AMBOS-SE,2019/07/04,7.000000,17:22:00,19:36:00,02:14:00,2.23,"3179",355030833A,-23.543310999999999,-46.635987000000000,AC Central de SP,"2692",CEMADEN,Pluviométrica,"3550308",SÃO PAULO,-46.635987000000000,-23.543310999999999
883.000000,-46.627042,-23.543123,AV MERCURIO,AV MERCURIO,PC S VITO-UNICO-SE,2019/07/04,7.000000,23:41:00,08:09:00,23/01/1900 08:28:00,8.47,"3179",355030833A,-23.543310999999999,-46.635987000000000,AC Central de SP,"2692",CEMADEN,Pluviométrica,"3550308",SÃO PAULO,-46.635987000000000,-23.543310999999999
903.000000,-46.627042,-23.543123,AV MERCURIO,AV MERCURIO,PC S VITO-BAIRROCENTRO-SE,2019/07/05,7.000000,07:51:00,08:09:00,00:18:00,0.30,"3179",355030833A,-23.543310999999999,-46.635987000000000,AC Central de SP,"2692",CEMADEN,Pluviométrica,"3550308",SÃO PAULO,-46.635987000000000,-23.543310999999999
912.000000,-46.641998,-23.529929,R ANHAIA,R ANHAIA,R SILVA PINTO ├ÜNICO,2019/09/01,9.000000,00:28:00,01:12:00,00:44:00,0.73,"3179",355030833A,-23.543310999999999,-46.635987000000000,AC Central de SP,"2692",CEMADEN,Pluviométrica,"3550308",SÃO PAULO,-46.635987000000000,-23.543310999999999
914.000000,-46.641670,-23.537910,AV RIO BRANCO,AV. RIO BRANCO,ALTURA DO N├ÜMERO 633 ├ÜNICO,2019/09/01,9.000000,14:24:00,00:10:00,09:46:00,9.77,"3179",355030833A,-23.543310999999999,-46.635987000000000,AC Central de SP,"2692",CEMADEN,Pluviométrica,"3550308",SÃO PAULO,-46.635987000000000,-23.543310999999999
917.000000,-46.638806,-23.549408,PC DA BANDEIRA,PC. DA. BANDEIRA,AV VINTE E TRES DE MAIO CENTRO/BAIRRO - N├âO INFORMADA,2019/09/02,9.000000,04:35:00,05:20:00,00:45:00,0.75,"3179",355030833A,-23.543310999999999,-46.635987000000000,AC Central de SP,"2692",CEMADEN,Pluviométrica,"3550308",SÃO PAULO,-46.635987000000000,-23.543310999999999
919.000000,-46.627042,-23.543123,AV MERCURIO,AV. MERCURIO (SE),PC S VITO ├ÜNICO ESQUERDA,2019/09/02,9.000000,06:15:00,06:59:00,00:44:00,0.73,"3179",355030833A,-23.543310999999999,-46.635987000000000,AC Central de SP,"2692",CEMADEN,Pluviométrica,"3550308",SÃO PAULO,-46.635987000000000,-23.543310999999999
920.000000,-46.627042,-23.543123,AV MERCURIO,AV. MERCURIO,PC S VITO ├ÜNICO ESQUERDA,2019/09/02,9.000000,06:27:00,06:42:00,00:15:00,0.25,"3179",355030833A,-23.543310999999999,-46.635987000000000,AC Central de SP,"2692",CEMADEN,Pluviométrica,"3550308",SÃO PAULO,-46.635987000000000,-23.543310999999999
922.000000,-46.636328,-23.550116,R SEN FEIJO,R. SEN. FEIJO,ALTURA DO N├ÜMERO 177 ├ÜNICO,2019/09/05,9.000000,11:24:00,12:13:00,00:49:00,0.82,"3179",355030833A,-23.543310999999999,-46.635987000000000,AC Central de SP,"2692",CEMADEN,Pluviométrica,"3550308",SÃO PAULO,-46.635987000000000,-23.543310999999999
939.000000,-46.629470,-23.540356,AV MERCURIO,AV. MERCURIO (SE),R DA CANTAREIRA BAIRRO/CENTRO,2019/11/05,11.000000,18:12:00,19:05:00,00:53:00,0.88,"3179",355030833A,-23.543310999999999,-46.635987000000000,AC Central de SP,"2692",CEMADEN,Pluviométrica,"3550308",SÃO PAULO,-46.635987000000000,-23.543310999999999
946.000000,-46.638806,-23.549408,AV VINTE E TRES DE MAIO,AV. VINTE E TRES DE MAIO (LIBERDADE),PC DA BANDEIRA SANTANA/AEROPORTO,2019/11/05,11.000000,18:23:00,18:43:00,00:20:00,0.33,"3179",355030833A,-23.543310999999999,-46.635987000000000,AC Central de SP,"2692",CEMADEN,Pluviométrica,"3550308",SÃO PAULO,-46.635987000000000,-23.543310999999999
961.000000,-46.641682,-23.537535,AV RIO BRANCO,AV. RIO BRANCO (REPUBLICA),R GAL OSORIO - B/C,2019/11/05,11.000000,19:27:00,03:00:00,08:16:00,8.27,"3179",355030833A,-23.543310999999999,-46.635987000000000,AC Central de SP,"2692",CEMADEN,Pluviométrica,"3550308",SÃO PAULO,-46.635987000000000,-23.543310999999999
974.000000,-46.637146,-23.547130,VD DO CHA,VD. DO. CHA,ALTURA DO NUMERO 40 PATRIARCA/R AZEVEDO,2019/11/06,11.000000,12:17:00,12:30:00,00:13:00,0.22,"3179",355030833A,-23.543310999999999,-46.635987000000000,AC Central de SP,"2692",CEMADEN,Pluviométrica,"3550308",SÃO PAULO,-46.635987000000000,-23.543310999999999
975.000000,-46.627762,-23.539258,R PAULA SOUSA,R. PAULA SOUSA,ALTURA DO N├ÜMERO 556 - ├ÜNICO,2019/11/09,11.000000,09:07:00,09:47:00,00:40:00,0.67,"3179",355030833A,-23.543310999999999,-46.635987000000000,AC Central de SP,"2692",CEMADEN,Pluviométrica,"3550308",SÃO PAULO,-46.635987000000000,-23.543310999999999
976.000000,-46.637549,-23.556087,AV VINTE E TRES DE MAIO,AV. VINTE E TRES DE MAIO (LIBERDADE),VD JACEGUAI - SANTANA/AEROPORTO,2019/11/10,11.000000,07:20:00,07:22:00,00:02:00,0.03,"3179",355030833A,-23.543310999999999,-46.635987000000000,AC Central de SP,"2692",CEMADEN,Pluviométrica,"3550308",SÃO PAULO,-46.635987000000000,-23.543310999999999
977.000000,-46.643630,-23.533080,AL GLETE,AL. GLETE,AL. BR DE. PIRACICABA - ├ÜNICO,2019/11/12,11.000000,13:00:00,13:07:00,00:07:00,0.12,"3179",355030833A,-23.543310999999999,-46.635987000000000,AC Central de SP,"2692",CEMADEN,Pluviométrica,"3550308",SÃO PAULO,-46.635987000000000,-23.543310999999999
978.000000,-46.643630,-23.533080,AL GLETE,AL. GLETE,AL. BR DE. PIRACICABA - ├ÜNICO,2019/11/12,11.000000,18:14:00,22:50:00,04:36:00,4.60,"3179",355030833A,-23.543310999999999,-46.635987000000000,AC Central de SP,"2692",CEMADEN,Pluviométrica,"3550308",SÃO PAULO,-46.635987000000000,-23.543310999999999
984.000000,-46.627557,-23.549089,AV DO ESTADO,AV. DO. ESTADO,VD VINTE E CINCO DE MARCO - SANTANA/IPIRANGA,2019/11/14,11.000000,22:59:00,01:27:00,23/01/1900 02:28:00,2.47,"3179",355030833A,-23.543310999999999,-46.635987000000000,AC Central de SP,"2692",CEMADEN,Pluviométrica,"3550308",SÃO PAULO,-46.635987000000000,-23.543310999999999
987.000000,-46.627042,-23.543123,AV MERCURIO,AV. MERCURIO,PC S. VITO - ├ÜNICO- ESQUERDA,2019/11/15,11.000000,05:35:00,,,0.00,"3179",355030833A,-23.543310999999999,-46.635987000000000,AC Central de SP,"2692",CEMADEN,Pluviométrica,"3550308",SÃO PAULO,-46.635987000000000,-23.543310999999999
992.000000,-46.649880,-23.537050,AV SAO JOAO,AV. S. JOAO,AL GLETE - B/C,2019/11/15,11.000000,16:06:00,,,0.00,"3179",355030833A,-23.543310999999999,-46.635987000000000,AC Central de SP,"2692",CEMADEN,Pluviométrica,"3550308",SÃO PAULO,-46.635987000000000,-23.543310999999999
1016.000000,-46.627042,-23.543123,AV MERCURIO,AV. MERCURIO,PC S. VITO - ├ÜNICO - ESQUERDA,2019/11/27,11.000000,19:21:00,20:54:00,01:33:00,1.55,"3179",355030833A,-23.543310999999999,-46.635987000000000,AC Central de SP,"2692",CEMADEN,Pluviométrica,"3550308",SÃO PAULO,-46.635987000000000,-23.543310999999999
1020.000000,-46.627042,-23.543123,AV MERCURIO,AV. MERCURIO,PC S. VITO - ├ÜNICO,2019/11/28,11.000000,00:31:00,03:15:00,02:44:00,2.73,"3179",355030833A,-23.543310999999999,-46.635987000000000,AC Central de SP,"2692",CEMADEN,Pluviométrica,"3550308",SÃO PAULO,-46.635987000000000,-23.543310999999999
1022.000000,-46.623080,-23.552250,AV ALCANTARA MACHADO,AV. ALCANTARA MACHADO,ALTURA DO N├ÜMERO 190 - B/C - EXP,2019/11/28,11.000000,09:12:00,09:34:00,00:22:00,0.37,"3179",355030833A,-23.543310999999999,-46.635987000000000,AC Central de SP,"2692",CEMADEN,Pluviométrica,"3550308",SÃO PAULO,-46.635987000000000,-23.543310999999999
1026.000000,-46.643630,-23.533080,AL GLETE,AL. GLETE,ALTURA DO N├ÜMERO 218 - C/B,2019/11/28,11.000000,14:45:00,15:11:00,00:26:00,0.43,"3179",355030833A,-23.543310999999999,-46.635987000000000,AC Central de SP,"2692",CEMADEN,Pluviométrica,"3550308",SÃO PAULO,-46.635987000000000,-23.543310999999999
1027.000000,-46.642826,-23.534139,AL BR DE PIRACICABA,AL. BR. DE. PIRACICABA,ALTURA DO N├ÜMERO 223 - B/C,2019/11/28,11.000000,14:50:00,15:12:00,00:22:00,0.37,"3179",355030833A,-23.543310999999999,-46.635987000000000,AC Central de SP,"2692",CEMADEN,Pluviométrica,"3550308",SÃO PAULO,-46.635987000000000,-23.543310999999999
1034.000000,-46.627042,-23.543123,AV MERCURIO,AV. MERCURIO,PC S. VITO - UNICO - ESQUERDA,2019/12/05,12.000000,17:37:00,19:45:00,02:08:00,2.13,"3179",355030833A,-23.543310999999999,-46.635987000000000,AC Central de SP,"2692",CEMADEN,Pluviométrica,"3550308",SÃO PAULO,-46.635987000000000,-23.543310999999999
1048.000000,-46.631848,-23.547481,R DR BITTENCOURT RODRIGUES,R. DR. BETTENCOURT RODRIGUES,ALTURA DO NUMERO 268 - UNICO,2019/12/09,12.000000,17:13:00,19:24:00,02:11:00,2.18,"3179",355030833A,-23.543310999999999,-46.635987000000000,AC Central de SP,"2692",CEMADEN,Pluviométrica,"3550308",SÃO PAULO,-46.635987000000000,-23.543310999999999
1052.000000,-46.628260,-23.554000,R GLICERIO,R. GLICERIO,ALTURA DO NUMERO 194 - UNICO,2019/12/10,12.000000,14:27:00,14:41:00,00:14:00,0.23,"3179",355030833A,-23.543310999999999,-46.635987000000000,AC Central de SP,"2692",CEMADEN,Pluviométrica,"3550308",SÃO PAULO,-46.635987000000000,-23.543310999999999
1060.000000,-46.628154,-23.537220,R DA CANTAREIRA,R. DA CANTAREIRA (BOM RETIRO),R MAUA - UNICO - UNICA,2019/12/10,12.000000,15:10:00,15:52:00,00:42:00,0.70,"3179",355030833A,-23.543310999999999,-46.635987000000000,AC Central de SP,"2692",CEMADEN,Pluviométrica,"3550308",SÃO PAULO,-46.635987000000000,-23.543310999999999
1066.000000,-46.641770,-23.537580,AV RIO BRANCO,AV. RIO BRANCO,R DOS GUSMOES - BAIRRO/CENTRO,2019/12/10,12.000000,15:38:00,15:48:00,00:10:00,0.17,"3179",355030833A,-23.543310999999999,-46.635987000000000,AC Central de SP,"2692",CEMADEN,Pluviométrica,"3550308",SÃO PAULO,-46.635987000000000,-23.543310999999999
1069.000000,-46.641682,-23.537535,AV RIO BRANCO,AV. RIO BRANCO (REPUBLICA),R GAL OSORIO - BAIRRO/CENTRO,2019/12/10,12.000000,15:44:00,16:51:00,01:07:00,1.12,"3179",355030833A,-23.543310999999999,-46.635987000000000,AC Central de SP,"2692",CEMADEN,Pluviométrica,"3550308",SÃO PAULO,-46.635987000000000,-23.543310999999999
1070.000000,-46.630943,-23.543202,R BR DE DUPRAT,R. BR. DE. DUPRAT,ALTURA DO NUMERO 115 - UNICO - UNICA,2019/12/10,12.000000,15:44:00,15:49:00,00:05:00,0.08,"3179",355030833A,-23.543310999999999,-46.635987000000000,AC Central de SP,"2692",CEMADEN,Pluviométrica,"3550308",SÃO PAULO,-46.635987000000000,-23.543310999999999
1073.000000,-46.632772,-23.549419,R VENCESLAU BRAS,R. VENCESLAU BRAS,R IRMA. SIMPLICIANA - UNICO,2019/12/10,12.000000,16:19:00,17:24:00,01:05:00,1.08,"3179",355030833A,-23.543310999999999,-46.635987000000000,AC Central de SP,"2692",CEMADEN,Pluviométrica,"3550308",SÃO PAULO,-46.635987000000000,-23.543310999999999
1074.000000,-46.641670,-23.537910,AV RIO BRANCO,AV. RIO BRANCO,ALTURA DO NUMERO 633 - BAIRRO/CENTRO,2019/12/10,12.000000,16:29:00,16:42:00,00:13:00,0.22,"3179",355030833A,-23.543310999999999,-46.635987000000000,AC Central de SP,"2692",CEMADEN,Pluviométrica,"3550308",SÃO PAULO,-46.635987000000000,-23.543310999999999
1083.000000,-46.627042,-23.543123,AV MERCURIO,AV. MERCURIO,PC S. VITO - ESQUERDA,2019/12/10,12.000000,19:04:00,19:41:00,00:37:00,0.62,"3179",355030833A,-23.543310999999999,-46.635987000000000,AC Central de SP,"2692",CEMADEN,Pluviométrica,"3550308",SÃO PAULO,-46.635987000000000,-23.543310999999999
1086.000000,-46.627042,-23.543123,AV MERCURIO,AV. MERCURIO,PC S. VITO - BAIRRO/CENTRO,2019/12/11,12.000000,05:55:00,06:16:00,00:21:00,0.35,"3179",355030833A,-23.543310999999999,-46.635987000000000,AC Central de SP,"2692",CEMADEN,Pluviométrica,"3550308",SÃO PAULO,-46.635987000000000,-23.543310999999999
1095.000000,-46.642406,-23.541297,R AURORA,R. AURORA,ALTURA DO NUMERO 676 - AMBOS,2019/12/11,12.000000,17:53:00,19:09:00,01:16:00,1.27,"3179",355030833A,-23.543310999999999,-46.635987000000000,AC Central de SP,"2692",CEMADEN,Pluviométrica,"3550308",SÃO PAULO,-46.635987000000000,-23.543310999999999
1097.000000,-46.627042,-23.543123,AV MERCURIO,AV. MERCURIO,PC S. VITO - ESQUERDA,2019/12/11,12.000000,18:17:00,18:32:00,00:15:00,0.25,"3179",355030833A,-23.543310999999999,-46.635987000000000,AC Central de SP,"2692",CEMADEN,Pluviométrica,"3550308",SÃO PAULO,-46.635987000000000,-23.543310999999999
1098.000000,-46.627118,-23.542867,PC SAO VITO,PC. S VITO (SE),AV MERCURIO - UNICO - ESQUERDA,2019/12/11,12.000000,18:22:00,18:32:00,00:10:00,0.17,"3179",355030833A,-23.543310999999999,-46.635987000000000,AC Central de SP,"2692",CEMADEN,Pluviométrica,"3550308",SÃO PAULO,-46.635987000000000,-23.543310999999999
1099.000000,-46.631949,-23.547286,R DR BITTENCOURT RODRIGUES,R. DR. BETTENCOURT RODRIGUES,PC FERNANDO COSTA - UNICO - UNICA,2019/12/11,12.000000,18:23:00,19:22:00,00:59:00,0.98,"3179",355030833A,-23.543310999999999,-46.635987000000000,AC Central de SP,"2692",CEMADEN,Pluviométrica,"3550308",SÃO PAULO,-46.635987000000000,-23.543310999999999
1104.000000,-46.639403,-23.549788,PC DA BANDEIRA,PC. DA. BANDEIRA,ALTURA DO NUMERO 58 - UNICO,2019/12/14,12.000000,16:06:00,17:08:00,01:02:00,1.03,"3179",355030833A,-23.543310999999999,-46.635987000000000,AC Central de SP,"2692",CEMADEN,Pluviométrica,"3550308",SÃO PAULO,-46.635987000000000,-23.543310999999999
1108.000000,-46.638910,-23.549790,PC DA BANDEIRA,PC. DA. BANDEIRA,R STO AMARO - CENTRO/BAIRRO,2019/12/14,12.000000,16:27:00,16:34:00,00:07:00,0.12,"3179",355030833A,-23.543310999999999,-46.635987000000000,AC Central de SP,"2692",CEMADEN,Pluviométrica,"3550308",SÃO PAULO,-46.635987000000000,-23.543310999999999
1118.000000,-46.649496,-23.555771,R MANOEL DUTRA,R. MANOEL DUTRA (BELA VISTA),PC QUATORZE BIS - UNICO,2019/12/17,12.000000,16:15:00,17:09:00,00:54:00,0.90,"3179",355030833A,-23.543310999999999,-46.635987000000000,AC Central de SP,"2692",CEMADEN,Pluviométrica,"3550308",SÃO PAULO,-46.635987000000000,-23.543310999999999
1126.000000,-46.641682,-23.537535,AV RIO BRANCO,AV. RIO BRANCO (REPUBLICA),R GAL OSORIO - BAIRRO/CENTRO,2019/12/17,12.000000,16:35:00,18:00:00,01:25:00,1.42,"3179",355030833A,-23.543310999999999,-46.635987000000000,AC Central de SP,"2692",CEMADEN,Pluviométrica,"3550308",SÃO PAULO,-46.635987000000000,-23.543310999999999
1134.000000,-46.637146,-23.547130,VD DO CHA,VD. DO. CHA,ALTURA DO NUMERO 0 - PATRIARCA/R AZEVEDO,2019/12/18,12.000000,13:01:00,13:34:00,00:33:00,0.55,"3179",355030833A,-23.543310999999999,-46.635987000000000,AC Central de SP,"2692",CEMADEN,Pluviométrica,"3550308",SÃO PAULO,-46.635987000000000,-23.543310999999999
1139.000000,-46.641155,-23.538239,AV RIO BRANCO,AV. RIO BRANCO (REPUBLICA),R DOS GUSMOES - BAIRRO/CENTRO,2019/12/23,12.000000,14:23:00,15:17:00,00:54:00,0.90,"3179",355030833A,-23.543310999999999,-46.635987000000000,AC Central de SP,"2692",CEMADEN,Pluviométrica,"3550308",SÃO PAULO,-46.635987000000000,-23.543310999999999
1140.000000,-46.641770,-23.537580,AV RIO BRANCO,AV. RIO BRANCO,R DOS GUSMOES - BAIRRO/CENTRO - ├ÜNICO,2019/12/23,12.000000,14:23:00,15:17:00,00:54:00,0.90,"3179",355030833A,-23.543310999999999,-46.635987000000000,AC Central de SP,"2692",CEMADEN,Pluviométrica,"3550308",SÃO PAULO,-46.635987000000000,-23.543310999999999
1161.000000,-46.627042,-23.543123,AV MERCURIO,AV. MERCURIO (SE),PC S VITO - BAIRRO/CENTRO,2019/12/23,12.000000,19:09:00,21:24:00,02:15:00,2.25,"3179",355030833A,-23.543310999999999,-46.635987000000000,AC Central de SP,"2692",CEMADEN,Pluviométrica,"3550308",SÃO PAULO,-46.635987000000000,-23.543310999999999
